<?xml version="1.0" encoding="UTF-8"?>
<metadata xml:lang="en"><Esri><CreaDate>20140818</CreaDate><CreaTime>16502800</CreaTime><ArcGISFormat>1.0</ArcGISFormat><SyncOnce>TRUE</SyncOnce><DataProperties><lineage><Process Name="Delete Field" ToolSource="c:\program files\arcgis\desktop10.1\ArcToolbox\Toolboxes\Data Management Tools.tbx\DeleteField" Date="20140818" Time="165028">DeleteField "1415J041 Andy Britain\Major_roads_link_network2013" A_Ref_E;A_Ref_N;B_Ref_E;B_Ref_N;Year;CP_1;A_Ref_E_1;A_Ref_N_1;B_Ref_E_1;B_Ref_N_1</Process></lineage></DataProperties></Esri></metadata>
